iter	RMSLE_val
0	16.90214827
1	16.57118685
2	16.21570871
3	15.91709202
4	15.60175954
5	15.29029705
6	15.09202673
7	14.86055983
8	14.65550819
9	14.44275499
10	14.23031419
11	14.07262569
12	13.93478639
13	13.78156743
14	13.65503803
15	13.57193242
16	13.46204572
17	13.35171743
18	13.2201328
19	13.12600247
20	13.06085877
21	12.99276337
22	12.90639407
23	12.84981435
24	12.80277752
25	12.75183251
26	12.67862807
27	12.64220228
28	12.59437022
29	12.51759525
30	12.47831445
31	12.44168456
32	12.40222766
33	12.32648373
34	12.27215198
35	12.2496066
36	12.20390399
37	12.17285762
38	12.1488781
39	12.10235441
40	12.07607586
41	12.0470949
42	12.02321479
43	11.98837603
44	11.97251188
45	11.94391131
46	11.90286159
47	11.87518344
48	11.83967193
49	11.79642519
50	11.76237326
51	11.74118023
52	11.72429029
53	11.70303244
54	11.67301027
55	11.65078105
56	11.63372902
57	11.62224935
58	11.5972578
59	11.56440276
60	11.55490539
61	11.54303245
62	11.53059707
63	11.51649525
64	11.50373896
65	11.48413024
66	11.46381195
67	11.44393261
68	11.43184525
69	11.42336581
70	11.41148499
71	11.40126465
72	11.38680903
73	11.37967177
74	11.36226623
75	11.34640631
76	11.32889012
77	11.31668529
78	11.30248166
79	11.29020257
80	11.26693618
81	11.25617251
82	11.24701843
83	11.23498793
84	11.22451828
85	11.21512031
86	11.20864083
87	11.20228845
88	11.19506676
89	11.18671048
90	11.17646065
91	11.16690239
92	11.15728791
93	11.12473764
94	11.11292129
95	11.10042577
96	11.0878401
97	11.07946515
98	11.06714353
99	11.04441916
100	11.01325264
101	10.99897647
102	10.99045062
103	10.98562937
104	10.98028345
105	10.96778626
106	10.94727487
107	10.9404432
108	10.93138287
109	10.92324886
110	10.91692517
111	10.90782102
112	10.89972369
113	10.88977166
114	10.88293559
115	10.87291647
116	10.86462945
117	10.85572558
118	10.84775011
119	10.8396492
120	10.83465038
121	10.82278246
122	10.80801218
123	10.80258745
124	10.79323453
125	10.77607847
126	10.76824127
127	10.75332335
128	10.74816979
129	10.74426714
130	10.73520138
131	10.72771807
132	10.72177741
133	10.71162835
134	10.70386219
135	10.69917592
136	10.69366673
137	10.68760918
138	10.67796763
139	10.6703415
140	10.66104913
141	10.65086978
142	10.64578502
143	10.63415609
144	10.62546226
145	10.6198916
146	10.61369033
147	10.61077121
148	10.60464009
149	10.59496715
150	10.5847024
151	10.57625105
152	10.57196496
153	10.56607357
154	10.55649286
155	10.55275165
156	10.54350127
157	10.53083536
158	10.52323368
159	10.51861269
160	10.51222941
161	10.50361377
162	10.4946798
163	10.49053865
164	10.48402749
165	10.48052057
166	10.46630441
167	10.46293773
168	10.45797075
169	10.45342325
170	10.44972489
171	10.44501024
172	10.43502163
173	10.42792048
174	10.41366098
175	10.40653661
176	10.40254826
177	10.39272129
178	10.37800989
179	10.3691796
180	10.36592847
181	10.35712636
182	10.35420442
183	10.34098429
184	10.33816989
185	10.33261658
186	10.3252341
187	10.32034629
188	10.31647882
189	10.31182773
190	10.30918795
191	10.30523814
192	10.30304168
193	10.29850533
194	10.28884128
195	10.28653437
196	10.28046323
197	10.27585613
198	10.27283606
199	10.26973239
200	10.26627657
201	10.26425203
202	10.25656263
203	10.24469852
204	10.24046251
205	10.23749155
206	10.2315355
207	10.22758072
208	10.22263733
209	10.21891815
210	10.21451734
211	10.21074177
212	10.19840896
213	10.19205968
214	10.18428314
215	10.17646528
216	10.17382431
217	10.1650794
218	10.15999198
219	10.15152402
220	10.14909227
221	10.14641962
222	10.13892274
223	10.13661291
224	10.12870974
225	10.12642324
226	10.11901354
227	10.11641613
228	10.11425001
229	10.11070176
230	10.10678763
231	10.10501298
232	10.10102363
233	10.09516212
234	10.0928848
235	10.08868221
236	10.08560292
237	10.08169989
238	10.07038045
239	10.06709397
240	10.06468617
241	10.06235372
242	10.05852115
243	10.05182042
244	10.05027544
245	10.04717219
246	10.04449042
247	10.04151839
248	10.03932325
249	10.03672174
250	10.033847
251	10.03094756
252	10.02717741
253	10.02363693
254	10.0180185
255	10.01391743
256	10.01162702
257	10.00962643
258	10.00727599
259	10.00536635
260	10.00304624
261	10.00135836
262	9.998805735
263	9.997374688
264	9.996257215
265	9.992763666
266	9.990529118
267	9.987096559
268	9.98433452
269	9.981225188
270	9.977578529
271	9.974903848
272	9.972967559
273	9.970592976
274	9.967072382
275	9.964639933
276	9.962253464
277	9.96010693
278	9.957750754
279	9.955241487
280	9.952267894
281	9.949961267
282	9.94818346
283	9.945242808
284	9.943363114
285	9.941153834
286	9.938442671
287	9.935507306
288	9.933866931
289	9.931397648
290	9.929851236
291	9.927681583
292	9.92595783
293	9.922545253
294	9.921112483
295	9.91910358
296	9.916751472
297	9.914540262
298	9.912866577
299	9.910109496
300	9.908461023
301	9.905905867
302	9.903684177
303	9.902080376
304	9.900116709
305	9.898218609
306	9.89596579
307	9.894028202
308	9.891084729
309	9.889294726
310	9.886518134
311	9.884870939
312	9.882017472
313	9.88008594
314	9.878186482
315	9.87667884
316	9.875250669
317	9.87348796
318	9.871980139
319	9.869928524
320	9.868237101
321	9.866642143
322	9.864835997
323	9.862338132
324	9.860272039
325	9.859223582
326	9.858053191
327	9.855906471
328	9.854581925
329	9.853122029
330	9.851212644
331	9.849750593
332	9.847568042
333	9.845293396
334	9.843247319
335	9.841541033
336	9.839789022
337	9.837936747
338	9.835845504
339	9.833595797
340	9.832112045
341	9.830444224
342	9.828612777
343	9.82676617
344	9.825141077
345	9.823449081
346	9.821399547
347	9.819484208
348	9.818135881
349	9.817084502
350	9.815958387
351	9.813862433
352	9.812238093
353	9.811215907
354	9.809763563
355	9.808706411
356	9.806816322
357	9.805571125
358	9.803501235
359	9.802084169
360	9.799885191
361	9.798502614
362	9.797202454
363	9.795839525
364	9.793850396
365	9.792455237
366	9.790872598
367	9.78883871
368	9.787362788
369	9.786102516
370	9.784710472
371	9.783340947
372	9.78193674
373	9.780629792
374	9.779248576
375	9.777850392
376	9.776352914
377	9.775248368
378	9.774039763
379	9.772799743
380	9.77160316
381	9.770341901
382	9.769199794
383	9.767934504
384	9.766505812
385	9.765199414
386	9.763810122
387	9.762517375
388	9.761205689
389	9.759804982
390	9.758605178
391	9.75726583
392	9.755946962
393	9.754808417
394	9.753511429
395	9.752225531
396	9.751065252
397	9.749701414
398	9.748601518
399	9.747535456
400	9.746442863
401	9.745203249
402	9.743965881
403	9.742734319
404	9.741528689
405	9.740301537
406	9.739076597
407	9.73802784
408	9.736806903
409	9.735588153
410	9.734368017
411	9.733149318
412	9.731937078
413	9.730726991
414	9.729559053
415	9.728356212
416	9.727192445
417	9.726114247
418	9.724914416
419	9.723713131
420	9.722517503
421	9.721502947
422	9.720314145
423	9.719262967
424	9.718075004
425	9.716928752
426	9.715744865
427	9.714566018
428	9.713523417
429	9.712345343
430	9.711172287
431	9.710001247
432	9.708832214
433	9.707704557
434	9.706575844
435	9.705449064
436	9.704324209
437	9.703161963
438	9.702001682
439	9.700843357
440	9.699686982
441	9.69853255
442	9.697422171
443	9.696310677
444	9.695204043
445	9.694057201
446	9.692912267
447	9.691772222
448	9.690670053
449	9.689572707
450	9.688477189
451	9.687344569
452	9.686252702
453	9.685162643
454	9.684074386
455	9.682946098
456	9.68186144
457	9.680778564
458	9.679854316
459	9.678735909
460	9.677658037
461	9.676581923
462	9.675507561
463	9.674434944
464	9.673364067
465	9.672294923
466	9.671227505
467	9.670161809
468	9.669059234
469	9.667996977
470	9.666936423
471	9.665877566
472	9.664820399
473	9.663764918
474	9.662711116
475	9.661658987
476	9.660608526
477	9.659559726
478	9.658512583
479	9.65746709
480	9.656423242
481	9.655381032
482	9.654340456
483	9.653301508
484	9.652264182
485	9.651228473
486	9.650194375
487	9.649161883
488	9.648130991
489	9.647101694
490	9.646073987
491	9.64507463
492	9.644050063
493	9.64302707
494	9.642005645
495	9.640985784
496	9.63996748
497	9.638950728
498	9.637935525
499	9.636921863
500	9.635909739
501	9.634925704
502	9.633916617
503	9.632935577
504	9.631929507
505	9.630924949
506	9.62994837
507	9.6289468
508	9.627973167
509	9.626974565
510	9.626003859
511	9.625034605
512	9.624040407
513	9.623047683
514	9.622082774
515	9.621092961
516	9.620130921
517	9.619144
518	9.618158528
519	9.617174502
520	9.616218156
521	9.615263215
522	9.614309675
523	9.613357531
524	9.612406778
525	9.611457412
526	9.610509428
527	9.609562822
528	9.60861759
529	9.607673728
530	9.60673123
531	9.605790093
532	9.604850313
533	9.603911884
534	9.602974803
535	9.602039066
536	9.601104668
537	9.600171606
538	9.599239874
539	9.598309469
540	9.597380386
541	9.596452622
542	9.595526173
543	9.594601034
544	9.593677201
545	9.59275467
546	9.591833437
547	9.590913499
548	9.589994851
549	9.589077489
550	9.58816141
551	9.587246608
552	9.586333082
553	9.585420826
554	9.584509836
555	9.58360011
556	9.582691642
557	9.581784429
558	9.580878468
559	9.579973755
560	9.579070285
561	9.578168056
562	9.577267062
563	9.576367302
564	9.57546877
565	9.574571464
566	9.573675379
567	9.572780512
568	9.57188686
569	9.570994418
570	9.570103183
571	9.569213152
572	9.568324321
573	9.567436686
574	9.566550244
575	9.565664991
576	9.564780925
577	9.563898041
578	9.563016335
579	9.562135805
580	9.561256448
581	9.560378259
582	9.559501235
583	9.558625373
584	9.557750669
585	9.55687712
586	9.556004724
587	9.555133475
588	9.554263372
589	9.553394411
590	9.552526588
591	9.5516599
592	9.550794344
593	9.549929918
594	9.549066616
595	9.548204437
596	9.547343377
597	9.546483433
598	9.545624602
599	9.544766881
600	9.543910266
601	9.543054754
602	9.542200342
603	9.541347028
604	9.540494808
605	9.539643678
606	9.538793637
607	9.53794468
608	9.537096805
609	9.536250009
610	9.535404289
611	9.534559642
612	9.533716064
613	9.532873553
614	9.532032106
615	9.53119172
616	9.530352392
617	9.52951412
618	9.528676899
619	9.527840728
620	9.527005603
621	9.526171521
622	9.52533848
623	9.524506477
624	9.52367551
625	9.522845574
626	9.522016667
627	9.521188788
628	9.520361932
629	9.519536097
630	9.51871128
631	9.517887478
632	9.51706469
633	9.516242911
634	9.51542214
635	9.514602373
636	9.513783609
637	9.512965843
638	9.512149074
639	9.511333299
640	9.510518515
641	9.50970472
642	9.508891911
643	9.508080085
644	9.50726924
645	9.506459373
646	9.505650481
647	9.504842563
648	9.504035615
649	9.503229635
650	9.50242462
651	9.501620568
652	9.500817476
653	9.500015342
654	9.499214163
655	9.498413937
656	9.497614662
657	9.496816334
658	9.496018951
659	9.495222511
660	9.494427012
661	9.493632451
662	9.492838825
663	9.492046133
664	9.491254371
665	9.490463538
666	9.489673631
667	9.488884647
668	9.488096584
669	9.487309441
670	9.486523214
671	9.485737901
672	9.4849535
673	9.484170009
674	9.483387425
675	9.482605746
676	9.481824969
677	9.481045093
678	9.480266115
679	9.479488033
680	9.478710844
681	9.477934547
682	9.477159139
683	9.476384617
684	9.475610981
685	9.474838226
686	9.474066352
687	9.473295356
688	9.472525236
689	9.47175599
690	9.470987615
691	9.470220109
692	9.46945347
693	9.468687697
694	9.467922786
695	9.467158736
696	9.466395545
697	9.46563321
698	9.46487173
699	9.464111102
700	9.463351324
701	9.462592395
702	9.461834311
703	9.461077072
704	9.460320674
705	9.459565116
706	9.458810397
707	9.458056513
708	9.457303463
709	9.456551244
710	9.455799856
711	9.455049295
712	9.45429956
713	9.453550648
714	9.452802559
715	9.452055289
716	9.451308837
717	9.450563201
718	9.449818379
719	9.449074369
720	9.448331169
721	9.447588777
722	9.446847192
723	9.446106411
724	9.445366432
725	9.444627253
726	9.443888873
727	9.44315129
728	9.442414502
729	9.441678506
730	9.440943302
731	9.440208887
732	9.439475259
733	9.438742417
734	9.438010358
735	9.437279081
736	9.436548584
737	9.435818866
738	9.435089923
739	9.434361756
740	9.433634361
741	9.432907737
742	9.432181882
743	9.431456794
744	9.430732473
745	9.430008915
746	9.429286119
747	9.428564083
748	9.427842806
749	9.427122286
750	9.426402521
751	9.425683509
752	9.424965249
753	9.424247739
754	9.423530977
755	9.422814962
756	9.422099691
757	9.421385164
758	9.420671378
759	9.419958331
760	9.419246023
761	9.418534451
762	9.417823614
763	9.41711351
764	9.416404137
765	9.415695494
766	9.414987579
767	9.41428039
768	9.413573927
769	9.412868187
770	9.412163168
771	9.411458869
772	9.410755289
773	9.410052425
774	9.409350277
775	9.408648842
776	9.407948119
777	9.407248107
778	9.406548803
779	9.405850207
780	9.405152316
781	9.40445513
782	9.403758646
783	9.403062863
784	9.40236778
785	9.401673394
786	9.400979706
787	9.400286712
788	9.399594411
789	9.398865486
790	9.398137295
791	9.397409836
792	9.396683106
793	9.395957106
794	9.395231832
795	9.394507284
796	9.393783459
797	9.393060358
798	9.392337976
799	9.391616315
800	9.390895371
801	9.390175143
802	9.389455629
803	9.388736829
804	9.388018741
805	9.387301363
806	9.386584693
807	9.38586873
808	9.385153473
809	9.38443892
810	9.38372507
811	9.383011921
812	9.382299471
813	9.38158772
814	9.380876075
815	9.380165136
816	9.379454901
817	9.37874537
818	9.37803654
819	9.37732841
820	9.376620978
821	9.375914244
822	9.375208206
823	9.374502861
824	9.37379821
825	9.37309425
826	9.37239098
827	9.371688398
828	9.370986503
829	9.370285294
830	9.369584769
831	9.368884927
832	9.368185766
833	9.367487286
834	9.366789484
835	9.366092359
836	9.36539591
837	9.364700135
838	9.364005033
839	9.363310603
840	9.362616843
841	9.361923752
842	9.361231329
843	9.360539571
844	9.359848479
845	9.35915805
846	9.358468283
847	9.357779177
848	9.35709073
849	9.356402941
850	9.355715809
851	9.355029332
852	9.35434351
853	9.35365834
854	9.352973822
855	9.352289954
856	9.351606734
857	9.350924163
858	9.350242237
859	9.349560956
860	9.348880319
861	9.348200325
862	9.347520971
863	9.346842257
864	9.346164182
865	9.345486744
866	9.344809942
867	9.344133775
868	9.343458241
869	9.342783339
870	9.342109068
871	9.341435427
872	9.340762414
873	9.340090029
874	9.339418269
875	9.338747134
876	9.338076623
877	9.337406734
878	9.336737466
879	9.336068818
880	9.335400788
881	9.334733376
882	9.33406658
883	9.333400399
884	9.332734832
885	9.332069877
886	9.331405534
887	9.330741801
888	9.330078677
889	9.329416161
890	9.328754252
891	9.328092948
892	9.327432248
893	9.326772151
894	9.326112657
895	9.325453763
896	9.324795469
897	9.324137773
898	9.323480675
899	9.322824173
900	9.322168266
901	9.321512953
902	9.320858232
903	9.320204104
904	9.319550565
905	9.318897617
906	9.318245256
907	9.317593483
908	9.316942295
909	9.316291693
910	9.315641674
911	9.314992238
912	9.314343384
913	9.31369511
914	9.313047415
915	9.312400299
916	9.31175376
917	9.311107796
918	9.310462408
919	9.309817594
920	9.309173353
921	9.308529684
922	9.307886585
923	9.307244056
924	9.306602095
925	9.305960702
926	9.305319875
927	9.304679614
928	9.304039917
929	9.303400783
930	9.302762212
931	9.302124202
932	9.301486752
933	9.30084986
934	9.300213527
935	9.299577752
936	9.298942532
937	9.298307866
938	9.297673755
939	9.297040197
940	9.296407191
941	9.295774736
942	9.29514283
943	9.294511473
944	9.293880664
945	9.293250402
946	9.292620686
947	9.292068493
948	9.291516749
949	9.290965454
950	9.290414606
951	9.289864206
952	9.289314253
953	9.288764745
954	9.288215681
955	9.287667062
956	9.287118886
957	9.286571153
958	9.286023861
959	9.28547701
960	9.2849306
961	9.284384629
962	9.283839096
963	9.283294002
964	9.282749344
965	9.282205123
966	9.281661338
967	9.281117988
968	9.280575071
969	9.280032588
970	9.279490538
971	9.27894892
972	9.278407733
973	9.277866976
974	9.277326649
975	9.276786751
976	9.276247281
977	9.275708238
978	9.275169622
979	9.274631433
980	9.274093668
981	9.273556328
982	9.273019412
983	9.272482919
984	9.271946849
985	9.2714112
986	9.270875972
987	9.270341165
988	9.269806777
989	9.269272807
990	9.268739256
991	9.268206123
992	9.267673406
993	9.267141105
994	9.266609219
995	9.266077748
996	9.265546691
997	9.265016047
998	9.264485816
999	9.263955997
1000	9.263426588
1001	9.26289759
1002	9.262369002
1003	9.261840823
1004	9.261313053
1005	9.26078569
1006	9.260258734
1007	9.259732185
1008	9.259206041
1009	9.258680303
1010	9.258154968
1011	9.257630038
1012	9.25710551
1013	9.256581385
1014	9.256057661
1015	9.255534339
1016	9.255011416
1017	9.254488894
1018	9.25396677
1019	9.253445045
1020	9.252923718
1021	9.252402788
1022	9.251882254
1023	9.251362116
1024	9.250842373
1025	9.250323024
1026	9.24980407
1027	9.249285508
1028	9.248767339
1029	9.248249562
1030	9.247732177
1031	9.247215182
1032	9.246698577
1033	9.246182361
1034	9.245666534
1035	9.245151095
1036	9.244636044
1037	9.244121379
1038	9.243607101
1039	9.243093208
1040	9.2425797
1041	9.242066577
1042	9.241553837
1043	9.241041481
1044	9.240529507
1045	9.240017915
1046	9.239506704
1047	9.238995873
1048	9.238485423
1049	9.237975352
1050	9.23746566
1051	9.236956347
1052	9.236447411
1053	9.235938852
1054	9.235430669
1055	9.234922862
1056	9.234415431
1057	9.233908374
1058	9.233401691
1059	9.232895381
1060	9.232389445
1061	9.23188388
1062	9.231378687
1063	9.230873866
1064	9.230369414
1065	9.229865333
1066	9.229361621
1067	9.228871138
1068	9.228380984
1069	9.227891159
1070	9.22738878
1071	9.226899604
1072	9.226410755
1073	9.225909381
1074	9.225421179
1075	9.224933302
1076	9.224445752
1077	9.223945696
1078	9.223458788
1079	9.222972204
1080	9.222485944
1081	9.2219872
1082	9.221501579
1083	9.22101628
1084	9.220518527
1085	9.220033864
1086	9.219545786
1087	9.219061697
1088	9.218561453
1089	9.21807429
1090	9.217587461
1091	9.217100966
1092	9.216605467
1093	9.216119549
1094	9.215633963
1095	9.215182458
1096	9.214697469
1097	9.214215981
1098	9.213777925
1099	9.213327449
1100	9.212889902
1101	9.212452613
1102	9.211972326
1103	9.211522861
1104	9.211086301
1105	9.210649997
1106	9.210201323
1107	9.209722226
1108	9.209286648
1109	9.208851325
1110	9.208403653
1111	9.207968832
1112	9.207490924
1113	9.207056577
1114	9.206609903
1115	9.206176056
1116	9.205742462
1117	9.205253185
1118	9.204820056
1119	9.204387178
1120	9.203954552
1121	9.203509649
1122	9.203034093
1123	9.20260218
1124	9.202170518
1125	9.201726599
1126	9.201249516
1127	9.200775155
1128	9.200331988
1129	9.199901541
1130	9.199471342
1131	9.199041391
1132	9.198599233
1133	9.198126245
1134	9.197696998
1135	9.197267999
1136	9.196826813
1137	9.196398301
1138	9.195926469
1139	9.195486012
1140	9.195058199
1141	9.194630631
1142	9.194203308
1143	9.193720244
1144	9.193293372
1145	9.192866744
1146	9.19244036
1147	9.19200186
1148	9.191532316
1149	9.191106624
1150	9.190681175
1151	9.19024363
1152	9.189818659
1153	9.189350254
1154	9.188913425
1155	9.188489142
1156	9.188065099
1157	9.187641297
1158	9.187161736
1159	9.186738378
1160	9.186315259
1161	9.18589238
1162	9.185457474
1163	9.185035067
1164	9.184569123
1165	9.184134924
1166	9.183713196
1167	9.183291706
1168	9.182870454
1169	9.182393412
1170	9.181972597
1171	9.181552019
1172	9.181131678
1173	9.180699378
1174	9.180235661
1175	9.179815991
1176	9.17938439
1177	9.178965185
1178	9.178501139
1179	9.178038554
1180	9.17760789
1181	9.1771896
1182	9.176771544
1183	9.176353721
1184	9.175880113
1185	9.175462721
1186	9.175045562
1187	9.174616538
1188	9.174199838
1189	9.173739446
1190	9.17332318
1191	9.172895068
1192	9.172479259
1193	9.17206368
1194	9.171604379
1195	9.171177177
1196	9.170762254
1197	9.170347562
1198	9.169933099
1199	9.16950683
1200	9.169048809
1201	9.168634998
1202	9.168209408
1203	9.167796049
1204	9.167382917
1205	9.166925975
1206	9.166501283
1207	9.166088799
1208	9.165676543
1209	9.165264513
1210	9.164796678
1211	9.164385066
1212	9.163973681
1213	9.163550582
1214	9.163139642
1215	9.162684835
1216	9.162274317
1217	9.161852105
1218	9.16144203
1219	9.16103218
1220	9.160578436
1221	9.160157107
1222	9.159747894
1223	9.159338904
1224	9.158918265
1225	9.158509715
1226	9.158057218
1227	9.157649084
1228	9.157229322
1229	9.156821627
1230	9.156414153
1231	9.155962707
1232	9.155543817
1233	9.155136973
1234	9.154730349
1235	9.154312141
1236	9.153861735
1237	9.153455739
1238	9.153049962
1239	9.152632619
1240	9.152227275
1241	9.151777909
1242	9.151372975
1243	9.150956495
1244	9.150551992
1245	9.150147706
1246	9.149699376
1247	9.149283754
1248	9.148880088
1249	9.148476638
1250	9.148061687
1251	9.147614382
1252	9.14721155
1253	9.146808933
1254	9.146394834
1255	9.145992643
1256	9.145590667
1257	9.145144576
1258	9.144731325
1259	9.144329961
1260	9.143928811
1261	9.143516223
1262	9.143071146
1263	9.142670606
1264	9.142270279
1265	9.141858533
1266	9.141458626
1267	9.141014564
1268	9.140615056
1269	9.140204148
1270	9.139805059
1271	9.139406182
1272	9.138963129
1273	9.138553055
1274	9.13815478
1275	9.137756716
1276	9.137347295
1277	9.136905241
1278	9.136507777
1279	9.136110522
1280	9.135701929
1281	9.135305088
1282	9.134908457
1283	9.134467586
1284	9.134059818
1285	9.133663782
1286	9.133267954
1287	9.13286083
1288	9.132420948
1289	9.132025713
1290	9.131630685
1291	9.13122438
1292	9.130829761
1293	9.130390868
1294	9.129996638
1295	9.129591148
1296	9.129197324
1297	9.128803706
1298	9.128354357
1299	9.12796112
1300	9.127568088
1301	9.127175261
1302	9.126771218
1303	9.126334284
1304	9.125942041
1305	9.125550001
1306	9.125146763
1307	9.124755126
1308	9.124363692
1309	9.123927913
1310	9.123525477
1311	9.123134623
1312	9.122743971
1313	9.122342162
1314	9.121907347
1315	9.121517272
1316	9.121127399
1317	9.120726387
1318	9.120336911
1319	9.119903061
1320	9.119513963
1321	9.119113745
1322	9.118725043
1323	9.118336541
1324	9.117892353
1325	9.117504223
1326	9.117116291
1327	9.116728559
1328	9.116329748
1329	9.115897808
1330	9.115510645
1331	9.115123679
1332	9.114725652
1333	9.114339078
1334	9.113952701
1335	9.113521888
1336	9.113124642
1337	9.11273883
1338	9.112353214
1339	9.111956578
1340	9.111526706
1341	9.111141652
1342	9.110756794
1343	9.110360934
1344	9.109976463
1345	9.109547532
1346	9.109163429
1347	9.108768342
1348	9.108384624
1349	9.108001101
1350	9.107561951
1351	9.107178789
1352	9.106795822
1353	9.106413048
1354	9.10601933
1355	9.105636939
1356	9.105210044
1357	9.104828017
1358	9.104435063
1359	9.104053416
1360	9.103671962
1361	9.103245995
1362	9.102853802
1363	9.102472897
1364	9.102092184
1365	9.101700584
1366	9.101275535
1367	9.10089537
1368	9.100515395
1369	9.10012455
1370	9.099744952
1371	9.099320822
1372	9.098941582
1373	9.09855149
1374	9.098172625
1375	9.097793949
1376	9.097359716
1377	9.096981392
1378	9.096603258
1379	9.096225312
1380	9.095836554
1381	9.095458981
1382	9.095036839
1383	9.09465962
1384	9.094271606
1385	9.093894758
1386	9.093518097
1387	9.093096861
1388	9.092709588
1389	9.092333462
1390	9.091957523
1391	9.091570828
1392	9.091150489
1393	9.090775083
1394	9.090399863
1395	9.090013904
1396	9.08963905
1397	9.089219609
1398	9.088845105
1399	9.088459878
1400	9.08808574
1401	9.087711785
1402	9.087327131
1403	9.086908741
1404	9.086535314
1405	9.086162071
1406	9.085778144
1407	9.085405263
1408	9.084987763
1409	9.084615228
1410	9.084232026
1411	9.083859852
1412	9.083487861
1413	9.083071244
1414	9.082688765
1415	9.082317295
1416	9.081946007
1417	9.08156409
1418	9.08114835
1419	9.080777582
1420	9.080406994
1421	9.080025795
1422	9.079655565
1423	9.079240701
1424	9.078870812
1425	9.078490327
1426	9.078120793
1427	9.077751438
1428	9.07737151
1429	9.076957675
1430	9.076588835
1431	9.076220174
1432	9.075840955
1433	9.075472647
1434	9.07505968
1435	9.074691709
1436	9.074313197
1437	9.073945578
1438	9.073578136
1439	9.07316648
1440	9.072788675
1441	9.072421745
1442	9.072054992
1443	9.071677736
1444	9.071266945
1445	9.070900702
1446	9.070534634
1447	9.07015808
1448	9.069792361
1449	9.069426817
1450	9.069017052
1451	9.068641197
1452	9.068276159
1453	9.067911297
1454	9.067546609
1455	9.067127076
1456	9.066762717
1457	9.066398533
1458	9.066023915
1459	9.065660075
1460	9.065252025
1461	9.064888516
1462	9.06451459
1463	9.064151425
1464	9.063788432
1465	9.063381236
1466	9.063007999
1467	9.062645505
1468	9.062283183
1469	9.061910481
1470	9.0615485
1471	9.061142306
1472	9.060780653
1473	9.060408635
1474	9.060047321
1475	9.059686179
1476	9.05928083
1477	9.058909495
1478	9.058548845
1479	9.058188367
1480	9.057828059
1481	9.057413049
1482	9.057053062
1483	9.056693245
1484	9.056323115
1485	9.055963633
1486	9.05555996
1487	9.055200802
1488	9.054831347
1489	9.054472524
1490	9.054113868
1491	9.053755382
1492	9.053342247
1493	9.052984078
1494	9.052626078
1495	9.052257816
1496	9.051900148
1497	9.051498288
1498	9.05114094
1499	9.050773346
1500	9.050416328
1501	9.050059477
1502	9.049658444
1503	9.049291516
1504	9.048935146
1505	9.048578943
1506	9.048222906
1507	9.047856655
1508	9.047456592
1509	9.047101034
1510	9.046735282
1511	9.046380051
1512	9.046024985
1513	9.04562574
1514	9.045260647
1515	9.044906057
1516	9.044551633
1517	9.044197373
1518	9.043788615
1519	9.043434665
1520	9.043080879
1521	9.042727257
1522	9.042363487
1523	9.041965864
1524	9.041612714
1525	9.041249436
1526	9.040896609
1527	9.040543944
1528	9.040191442
1529	9.0397845
1530	9.039432305
1531	9.039080273
1532	9.038728402
1533	9.038366434
1534	9.037970567
1535	9.037619165
1536	9.037257684
1537	9.0369066
1538	9.036555677
1539	9.03616061
1540	9.035799772
1541	9.035449314
1542	9.035099017
1543	9.03474888
1544	9.034344402
1545	9.033994568
1546	9.033644894
1547	9.03329538
1548	9.032935833
1549	9.032586635
1550	9.0321933
1551	9.031834233
1552	9.031485495
1553	9.031136915
1554	9.030788495
1555	9.030385792
1556	9.030037671
1557	9.029689708
1558	9.029341904
1559	9.028984116
1560	9.028592352
1561	9.028245004
1562	9.027897814
1563	9.027540654
1564	9.027193775
1565	9.026847053
1566	9.026446109
1567	9.026099683
1568	9.025753414
1569	9.025407302
1570	9.025051255
1571	9.024661193
1572	9.024315532
1573	9.023970028
1574	9.023614603
1575	9.023269407
1576	9.02288012
1577	9.022535221
1578	9.022180417
1579	9.021835825
1580	9.021491388
1581	9.021092831
1582	9.020748687
1583	9.020404697
1584	9.020060862
1585	9.019707154
1586	9.019363624
1587	9.018976014
1588	9.018632779
1589	9.018279685
1590	9.017936753
1591	9.017593975
1592	9.017197138
1593	9.016854649
1594	9.016512313
1595	9.01617013
1596	9.015818123
1597	9.015432037
1598	9.015090295
1599	9.014748706
1600	9.014397307
1601	9.014056018
1602	9.013714881
1603	9.013329692
1604	9.012978899
1605	9.0126382
1606	9.012297653
1607	9.011947329
1608	9.011562891
1609	9.011222781
1610	9.010882821
1611	9.010533099
1612	9.010193437
1613	9.009809751
1614	9.009470377
1615	9.009121255
1616	9.008782178
1617	9.00844325
1618	9.008060313
1619	9.007711788
1620	9.007373293
1621	9.007034947
1622	9.006686886
1623	9.006348835
1624	9.005966776
1625	9.00562901
1626	9.005281542
1627	9.00494407
1628	9.004606746
1629	9.004225429
1630	9.003878553
1631	9.003541657
1632	9.003204909
1633	9.002868309
1634	9.00247791
1635	9.002141589
1636	9.001805415
1637	9.001459586
1638	9.001123703
1639	9.000787967
1640	9.000408255
1641	9.000063012
1642	8.9997277
1643	8.999392534
1644	8.999057515
1645	8.998668762
1646	8.998334019
1647	8.997999422
1648	8.99766497
1649	8.997320905
1650	8.996942652
1651	8.996608621
1652	8.996264995
1653	8.995931251
1654	8.995597652
1655	8.995264198
1656	8.994877077
1657	8.994543897
1658	8.994210861
1659	8.993877969
1660	8.99353551
1661	8.993158834
1662	8.992826359
1663	8.992484334
1664	8.992152144
1665	8.991820096
1666	8.991444141
1667	8.991102688
1668	8.990771056
1669	8.990439566
1670	8.990108219
1671	8.989767349
1672	8.989392238
1673	8.989061304
1674	8.988730513
1675	8.988390212
1676	8.988059701
1677	8.987685303
1678	8.987345431
1679	8.987015331
1680	8.986685373
1681	8.986355556
1682	8.985972249
1683	8.9856427
1684	8.985313292
1685	8.984984025
1686	8.984645293
1687	8.984316304
1688	8.983943451
1689	8.983614732
1690	8.983276562
1691	8.98294812
1692	8.982619818
1693	8.982238095
1694	8.981910059
1695	8.981582162
1696	8.981254405
1697	8.980917228
1698	8.980545777
1699	8.980218423
1700	8.979891209
1701	8.979549041
1702	8.97922209
1703	8.978851349
1704	8.978524665
1705	8.97818305
1706	8.977856629
1707	8.977530346
1708	8.977189148
1709	8.976819249
1710	8.976493356
1711	8.9761676
1712	8.975826952
1713	8.975501458
1714	8.975132263
1715	8.974807032
1716	8.974466933
1717	8.974141963
1718	8.97381162
1719	8.973443138
1720	8.973109083
1721	8.972784636
1722	8.972460325
1723	8.972121184
1724	8.971797132
1725	8.97142947
1726	8.97110568
1727	8.970767082
1728	8.97044355
1729	8.970114662
1730	8.969747706
1731	8.96941513
1732	8.969092116
1733	8.968763755
1734	8.968441001
1735	8.968065321
1736	8.967742823
1737	8.967414988
1738	8.96708335
1739	8.966761243
1740	8.966433797
1741	8.966068353
1742	8.965737243
1743	8.965415649
1744	8.965088725
1745	8.964767389
1746	8.96439326
1747	8.964072177
1748	8.963745774
1749	8.963424948
1750	8.963089452
1751	8.962725387
1752	8.962404937
1753	8.962075278
1754	8.961749656
1755	8.961429592
1756	8.96110966
1757	8.960737069
1758	8.960417389
1759	8.960092405
1760	8.95977298
1761	8.959438944
1762	8.959076367
1763	8.958757314
1764	8.958438393
1765	8.958104884
1766	8.957786213
1767	8.957424311
1768	8.957096607
1769	8.956772909
1770	8.95645474
1771	8.956136703
1772	8.9557662
1773	8.955443012
1774	8.955125344
1775	8.954807806
1776	8.95447574
1777	8.95415845
1778	8.953798017
1779	8.953471735
1780	8.953149432
1781	8.95283264
1782	8.952510596
1783	8.952141611
1784	8.951825185
1785	8.951508889
1786	8.951187349
1787	8.950862085
1788	8.950502991
1789	8.950187189
1790	8.949871517
1791	8.949541395
1792	8.949225968
1793	8.948905304
1794	8.948537812
1795	8.948222748
1796	8.947907812
1797	8.947587648
1798	8.947263784
1799	8.946906136
1800	8.94659169
1801	8.946272025
1802	8.945948663
1803	8.945634587
1804	8.945277595
1805	8.944958428
1806	8.944635566
1807	8.944321978
1808	8.944003178
1809	8.943680702
1810	8.943324488
1811	8.943011385
1812	8.94269308
1813	8.942371101
1814	8.942053045
1815	8.941697492
1816	8.94138499
1817	8.941063507
1818	8.940745943
1819	8.940433807
1820	8.940078902
1821	8.939757914
1822	8.939446143
1823	8.939129185
1824	8.938808577
1825	8.938491867
1826	8.93813773
1827	8.937826555
1828	8.937506439
1829	8.937190216
1830	8.936879404
1831	8.93652591
1832	8.936206284
1833	8.935890547
1834	8.935580212
1835	8.935270001
1836	8.934908106
1837	8.934592854
1838	8.934282994
1839	8.933964232
1840	8.933649339
1841	8.933339839
1842	8.932987744
1843	8.932669469
1844	8.932355058
1845	8.93204603
1846	8.931731865
1847	8.931371415
1848	8.931062735
1849	8.930754178
1850	8.930440493
1851	8.930123185
1852	8.929772365
1853	8.929464278
1854	8.929147341
1855	8.928834244
1856	8.928526513
1857	8.92821366
1858	8.927854632
1859	8.927547246
1860	8.927239982
1861	8.926927604
1862	8.926611627
1863	8.926262184
1864	8.925955386
1865	8.925643482
1866	8.925327982
1867	8.925021536
1868	8.924672719
1869	8.924352367
1870	8.924046263
1871	8.923740281
1872	8.9234292
1873	8.923114541
1874	8.922766465
1875	8.922460944
1876	8.922150333
1877	8.921836147
1878	8.921525773
1879	8.921178327
1880	8.920873377
1881	8.920559663
1882	8.920249757
1883	8.919945155
1884	8.919589458
1885	8.919285084
1886	8.918980829
1887	8.9186715
1888	8.918358618
1889	8.918049523
1890	8.917703427
1891	8.917399739
1892	8.917087325
1893	8.916778694
1894	8.916475351
1895	8.916129868
1896	8.91581792
1897	8.915509752
1898	8.915206862
1899	8.914895273
1900	8.914550398
1901	8.914242691
1902	8.913940253
1903	8.913629128
1904	8.913321762
1905	8.913019667
1906	8.912675518
1907	8.912364855
1908	8.912057948
1909	8.911756302
1910	8.911449629
1911	8.911097313
1912	8.910795998
1913	8.910494801
1914	8.910179817
1915	8.909878842
1916	8.909535909
1917	8.909235159
1918	8.908920641
1919	8.908620113
1920	8.908319701
1921	8.908014276
1922	8.907663317
1923	8.907363233
1924	8.907063266
1925	8.906758294
1926	8.906449818
1927	8.906108198
1928	8.905808674
1929	8.905495436
1930	8.905196132
1931	8.904891838
1932	8.904550825
1933	8.904243143
1934	8.90394428
1935	8.903645533
1936	8.903341795
1937	8.903034574
1938	8.902694258
1939	8.90239595
1940	8.90209266
1941	8.90178589
1942	8.901482825
1943	8.90114311
1944	8.900836678
1945	8.900539025
1946	8.900236406
1947	8.899938973
1948	8.899591191
1949	8.899293975
1950	8.898991799
1951	8.898694802
1952	8.898389274
1953	8.898087427
1954	8.897749
1955	8.897452437
1956	8.897147355
1957	8.89684595
1958	8.896549716
1959	8.896203255
1960	8.895907235
1961	8.895606271
1962	8.895310469
1963	8.895001122
1964	8.894663869
1965	8.894368385
1966	8.894073013
1967	8.893769158
1968	8.893468958
1969	8.893173913
1970	8.892837344
1971	8.892533929
1972	8.892234166
1973	8.891939549
1974	8.891640009
1975	8.891295455
1976	8.891001153
1977	8.890706963
1978	8.890399298
1979	8.89010532
1980	8.889811453
1981	8.889476148
1982	8.889168929
1983	8.888875376
1984	8.888581934
1985	8.888283584
1986	8.887940325
1987	8.887647196
1988	8.887354178
1989	8.887056259
1990	8.886754928
1991	8.886420775
1992	8.886128179
1993	8.885822179
1994	8.885529792
1995	8.88523252
1996	8.884940346
1997	8.884598372
1998	8.884306407
1999	8.884014551
2000	8.883717808
2001	8.883417674
2002	8.883084766
2003	8.882793329
2004	8.882497013
2005	8.882197308
2006	8.881901207
2007	8.881568873
2008	8.881269491
2009	8.880978679
2010	8.880683003
2011	8.8803924
2012	8.880093453
2013	8.87976178
2014	8.879466528
2015	8.87917634
2016	8.87887782
2017	8.87858288
2018	8.878251777
2019	8.877962004
2020	8.877663908
2021	8.87736939
2022	8.87707993
2023	8.87677721
2024	8.876446771
2025	8.876157616
2026	8.875868568
2027	8.875566278
2028	8.875277435
2029	8.874947553
2030	8.874658916
2031	8.874361991
2032	8.874068622
2033	8.873780296
2034	8.873450968
2035	8.873154463
2036	8.872861511
2037	8.872573594
2038	8.872272483
2039	8.871984768
2040	8.871656098
2041	8.871368588
2042	8.871067903
2043	8.870780595
2044	8.870493394
2045	8.870165274
2046	8.869865014
2047	8.869578112
2048	8.869291316
2049	8.868999711
2050	8.86866381
2051	8.868377312
2052	8.868090921
2053	8.867791402
2054	8.86750521
2055	8.867214225
2056	8.866887313
2057	8.866593106
2058	8.866307317
2059	8.866016741
2060	8.865731154
2061	8.865396482
2062	8.865111095
2063	8.864820928
2064	8.864535742
2065	8.864242367
2066	8.863952502
2067	8.863626779
2068	8.863333713
2069	8.863049028
2070	8.86275957
2071	8.862475086
2072	8.862141634
2073	8.861857348
2074	8.861568295
2075	8.861284209
2076	8.860987104
2077	8.860662466
2078	8.860378672
2079	8.860094982
2080	8.859803147
2081	8.859514798
2082	8.859231408
2083	8.858899166
2084	8.858615973
2085	8.858328026
2086	8.85804503
2087	8.857749064
2088	8.857425598
2089	8.857142893
2090	8.856860291
2091	8.856564735
2092	8.856282328
2093	8.855959395
2094	8.855677185
2095	8.855382039
2096	8.855100024
2097	8.854818111
2098	8.854531465
2099	8.854200971
2100	8.853919347
2101	8.853637824
2102	8.853343394
2103	8.853062065
2104	8.852740292
2105	8.852459158
2106	8.852165135
2107	8.851884194
2108	8.851598542
2109	8.851317796
2110	8.850988491
2111	8.850707938
2112	8.850427486
2113	8.850142321
2114	8.849853914
2115	8.849533292
2116	8.849253226
2117	8.848960318
2118	8.848680443
2119	8.84839587
2120	8.848075779
2121	8.847788064
2122	8.847508574
2123	8.847224392
2124	8.846945096
2125	8.846657783
2126	8.846338303
2127	8.846054512
2128	8.845775598
2129	8.845488677
2130	8.845205175
2131	8.844886222
2132	8.844599597
2133	8.844321162
2134	8.844038048
2135	8.843759805
2136	8.843468806
2137	8.843150469
2138	8.842872506
2139	8.842594643
2140	8.842304041
2141	8.842026366
2142	8.841708543
2143	8.841431059
2144	8.841145611
2145	8.840863556
2146	8.840586359
2147	8.840260999
2148	8.83998399
2149	8.83970232
2150	8.839425499
2151	8.839135985
2152	8.838859351
2153	8.838542651
2154	8.838266207
2155	8.837977085
2156	8.837700827
2157	8.837424667
2158	8.837108477
2159	8.836819747
2160	8.836543863
2161	8.836268077
2162	8.835979643
2163	8.835704042
2164	8.835388456
2165	8.835113043
2166	8.834824999
2167	8.834549771
2168	8.834269916
2169	8.833954844
2170	8.833671904
2171	8.833397048
2172	8.833117571
2173	8.832842901
2174	8.832520355
2175	8.832245869
2176	8.83196677
2177	8.831684504
2178	8.831410299
2179	8.831131479
2180	8.830817509
2181	8.830535622
2182	8.830261785
2183	8.829983341
2184	8.829709689
2185	8.829388273
2186	8.829114804
2187	8.828836735
2188	8.82856345
2189	8.828282325
2190	8.828004532
2191	8.827691656
2192	8.827418738
2193	8.827137989
2194	8.826860569
2195	8.826587928
2196	8.826267634
2197	8.825995174
2198	8.825718126
2199	8.825445849
2200	8.825161086
2201	8.824849208
2202	8.8245772
2203	8.824305287
2204	8.824020903
2205	8.82374917
2206	8.823477532
2207	8.823166235
2208	8.82288223
2209	8.822610859
2210	8.822339583
2211	8.822055863
2212	8.821745064
2213	8.821474054
2214	8.821203139
2215	8.820919796
2216	8.820649059
2217	8.820373765
2218	8.820063551
2219	8.819785228
2220	8.81951485
2221	8.819239922
2222	8.818969725
2223	8.818652155
2224	8.818382136
2225	8.81811221
2226	8.817829901
2227	8.817560153
2228	8.817250912
2229	8.816981344
2230	8.816699407
2231	8.816430016
2232	8.816156086
2233	8.815886873
2234	8.815570398
2235	8.815301362
2236	8.815027794
2237	8.814758937
2238	8.814482368
2239	8.814174188
2240	8.813900981
2241	8.813624686
2242	8.813356273
2243	8.813083334
2244	8.812815098
2245	8.81249971
2246	8.81223165
2247	8.811959071
2248	8.811691188
2249	8.811411018
2250	8.811103898
2251	8.810836275
2252	8.810568744
2253	8.810288941
2254	8.810021585
2255	8.80975432
2256	8.809447763
2257	8.809172919
2258	8.80890132
2259	8.808634405
2260	8.808355245
2261	8.80804917
2262	8.807782513
2263	8.807515947
2264	8.807237151
2265	8.806970758
2266	8.806665159
2267	8.806398941
2268	8.806120509
2269	8.805854464
2270	8.805588509
2271	8.805318064
2272	8.805005314
2273	8.804739615
2274	8.804474007
2275	8.804196211
2276	8.803930775
2277	8.80362621
2278	8.803360947
2279	8.803083513
2280	8.802818421
2281	8.802548859
2282	8.80228394
2283	8.801972251
2284	8.801707504
2285	8.801438292
2286	8.801173717
2287	8.800901556
2288	8.800598018
2289	8.800329156
2290	8.800057259
2291	8.799793115
2292	8.799524511
2293	8.799260538
2294	8.798949902
2295	8.798686099
2296	8.798417844
2297	8.798154212
2298	8.797878487
2299	8.797575977
2300	8.797312597
2301	8.797049306
2302	8.796778467
2303	8.796510814
2304	8.796208768
2305	8.79593819
2306	8.795675326
2307	8.795408019
2308	8.795145324
2309	8.794870576
2310	8.79456908
2311	8.794306634
2312	8.794044278
2313	8.793769883
2314	8.793507693
2315	8.793206657
2316	8.792944637
2317	8.792670595
2318	8.792408742
2319	8.792146977
2320	8.791880787
2321	8.791572708
2322	8.791311191
2323	8.791049761
2324	8.790776334
2325	8.790515071
2326	8.790215038
2327	8.789953943
2328	8.789680865
2329	8.789419936
2330	8.789154601
2331	8.788893839
2332	8.788586788
2333	8.788326192
2334	8.788061196
2335	8.787800767
2336	8.787532873
2337	8.787233836
2338	8.786973659
2339	8.78670154
2340	8.786441528
2341	8.78617712
2342	8.785878544
2343	8.785611245
2344	8.785351564
2345	8.785087494
2346	8.784827978
2347	8.784556556
2348	8.784258515
2349	8.783999243
2350	8.783740057
2351	8.783473443
2352	8.783209957
2353	8.782912366
2354	8.782646005
2355	8.782387232
2356	8.782124081
2357	8.781865472
2358	8.781594997
2359	8.781297939
2360	8.781039572
2361	8.78078129
2362	8.780511157
2363	8.780253038
2364	8.779956426
2365	8.779698471
2366	8.779428679
2367	8.779170886
2368	8.778913178
2369	8.778643642
2370	8.77834756
2371	8.778090092
2372	8.777832708
2373	8.777563512
2374	8.77730629
2375	8.777010651
2376	8.776753592
2377	8.776484735
2378	8.776227836
2379	8.775966595
2380	8.775709859
2381	8.775407307
2382	8.775150731
2383	8.77489424
2384	8.774633405
2385	8.774369642
2386	8.77407497
2387	8.773818801
2388	8.773550872
2389	8.773294862
2390	8.773034519
2391	8.77277867
2392	8.772477109
2393	8.772221419
2394	8.771961404
2395	8.771705875
2396	8.771443025
2397	8.771149312
2398	8.770889623
2399	8.770634413
2400	8.770371891
2401	8.770112442
2402	8.769819173
2403	8.769556896
2404	8.769302087
2405	8.769042962
2406	8.768788311
2407	8.768521975
2408	8.768229223
2409	8.767974807
2410	8.767720474
2411	8.767454469
2412	8.767200293
2413	8.766907974
2414	8.766653957
2415	8.766388283
2416	8.766134423
2417	8.765880645
2418	8.765615219
2419	8.765323414
2420	8.765069869
2421	8.764816407
2422	8.76455131
2423	8.764298003
2424	8.764006629
2425	8.76375348
2426	8.763488712
2427	8.763235719
2428	8.762978445
2429	8.762725609
2430	8.762427422
2431	8.762174742
2432	8.761922143
2433	8.761665263
2434	8.761405505
2435	8.761115069
2436	8.760862782
2437	8.760598914
2438	8.760346782
2439	8.760090379
2440	8.759838403
2441	8.759541178
2442	8.759289357
2443	8.759033271
2444	8.758781605
2445	8.758522732
2446	8.758233227
2447	8.757977457
2448	8.757726101
2449	8.757467545
2450	8.757212008
2451	8.756960886
2452	8.756625724
2453	8.756370432
2454	8.756119552
2455	8.755784724
2456	8.755529677
2457	8.755279038
2458	8.754944544
2459	8.754689741
2460	8.754439342
2461	8.754105182
2462	8.753850622
2463	8.753516708
2464	8.753262318
2465	8.753012319
2466	8.752678737
2467	8.75242459
2468	8.752174831
2469	8.75184158
2470	8.751587675
2471	8.75125467
2472	8.751005236
2473	8.750751572
2474	8.750418897
2475	8.750169701
2476	8.749916279
2477	8.749583933
2478	8.749334976
2479	8.749081794
2480	8.748749778
2481	8.748501057
2482	8.748169287
2483	8.747916428
2484	8.747667945
2485	8.747336502
2486	8.747083883
2487	8.746835637
2488	8.746504521
2489	8.746252141
2490	8.746004131
2491	8.745673342
2492	8.745421201
2493	8.745090653
2494	8.744838679
2495	8.74459106
2496	8.744260838
2497	8.744009101
2498	8.743761718
2499	8.74343182
2500	8.743180321
2501	8.742933172
2502	8.742603598
2503	8.742352336
2504	8.742023002
2505	8.741776171
2506	8.741525146
2507	8.741196134
2508	8.740949536
2509	8.740698748
2510	8.740370058
2511	8.740119434
2512	8.739790983
2513	8.739544773
2514	8.739294384
2515	8.738966254
2516	8.738720276
2517	8.738470122
2518	8.738142313
2519	8.737896566
2520	8.737646647
2521	8.737319158
2522	8.737073642
2523	8.736746392
2524	8.736496787
2525	8.736251503
2526	8.735924572
2527	8.7356752
2528	8.735430146
2529	8.735103533
2530	8.734854394
2531	8.73460957
2532	8.734283275
2533	8.734034369
2534	8.733708308
2535	8.733459564
2536	8.733215121
2537	8.732889377
2538	8.732640865
2539	8.732396651
2540	8.732071223
2541	8.731822942
2542	8.731497747
2543	8.731253843
2544	8.731005793
2545	8.730680913
2546	8.730437238
2547	8.730189418
2548	8.729864852
2549	8.729621404
2550	8.729373814
2551	8.729049561
2552	8.72880634
2553	8.728482322
2554	8.728235041
2555	8.727992046
2556	8.72766834
2557	8.727421288
2558	8.727178519
2559	8.726855125
2560	8.726608302
2561	8.726361559
2562	8.726038473
2563	8.72579608
2564	8.725473227
2565	8.725226791
2566	8.724984622
2567	8.72466208
2568	8.72441587
2569	8.724173926
2570	8.723851694
2571	8.723605711
2572	8.723283707
2573	8.723042067
2574	8.722796312
2575	8.722474616
2576	8.7222332
2577	8.72198767
2578	8.721666283
2579	8.72142091
2580	8.721179785
2581	8.720858705
2582	8.720613558
2583	8.720292705
2584	8.720051882
2585	8.719806961
2586	8.719486414
2587	8.719245813
2588	8.719001116
2589	8.718680875
2590	8.718440495
2591	8.718196022
2592	8.717876086
2593	8.717635928
2594	8.71731622
2595	8.717072047
2596	8.716832109
2597	8.716512706
2598	8.716268756
2599	8.716029039
2600	8.715709939
2601	8.715466212
2602	8.715226714
2603	8.714907917
2604	8.714664413
2605	8.714345839
2606	8.714102489
2607	8.713863357
2608	8.713545086
2609	8.713301957
2610	8.713063044
2611	8.712745074
2612	8.712502167
2613	8.712184419
2614	8.711945802
2615	8.711703116
2616	8.711385669
2617	8.711147269
2618	8.710904804
2619	8.710587657
2620	8.710349474
2621	8.710107228
2622	8.709790381
2623	8.709548288
2624	8.709231661
2625	8.70899384
2626	8.708751966
2627	8.708435638
2628	8.708198033
2629	8.707956378
2630	8.707640347
2631	8.707402958
2632	8.707161522
2633	8.706845788
2634	8.706608615
2635	8.706293103
2636	8.70605196
2637	8.705815001
2638	8.705499786
2639	8.70525886
2640	8.705022116
2641	8.704707196
2642	8.704466487
2643	8.704151786
2644	8.703911228
2645	8.703674841
2646	8.703360434
2647	8.703120092
2648	8.702883919
2649	8.702569806
2650	8.70232968
2651	8.702093721
2652	8.701779901
2653	8.701539991
2654	8.701226388
2655	8.700990717
2656	8.700751023
2657	8.700437713
2658	8.700202254
2659	8.699962774
2660	8.699649756
2661	8.699414509
2662	8.699175244
2663	8.698862517
2664	8.698627482
2665	8.698314973
2666	8.698075995
2667	8.697841171
2668	8.697528953
2669	8.697290188
2670	8.697051499
2671	8.696739568
2672	8.696505094
2673	8.69619338
2674	8.695954977
2675	8.695720714
2676	8.695409288
2677	8.695171098
2678	8.694937044
2679	8.694625907
2680	8.694387929
2681	8.694154085
2682	8.693843236
2683	8.693605469
2684	8.693294832
2685	8.693057212
2686	8.692823716
2687	8.692513367
2688	8.692275958
2689	8.69204267
2690	8.691732607
2691	8.691495409
2692	8.69126233
2693	8.690952552
2694	8.690715564
2695	8.690405998
2696	8.690173201
2697	8.689936423
2698	8.689627142
2699	8.689394551
2700	8.689157982
2701	8.688848986
2702	8.688616602
2703	8.688307818
2704	8.68807153
2705	8.687839352
2706	8.687530852
2707	8.687294773
2708	8.687062801
2709	8.686754584
2710	8.686518713
2711	8.686286947
2712	8.685979012
2713	8.685743349
2714	8.685435622
2715	8.685200104
2716	8.684968679
2717	8.684661234
2718	8.684425923
2719	8.684194703
2720	8.683887539
2721	8.683652435
2722	8.683421419
2723	8.683114536
2724	8.682879638
2725	8.682572962
2726	8.682342223
2727	8.682107531
2728	8.681801135
2729	8.681566586
2730	8.681336113
2731	8.681029996
2732	8.680795653
2733	8.680565383
2734	8.680259544
2735	8.680025406
2736	8.679719773
2737	8.679489777
2738	8.679255844
2739	8.678950489
2740	8.678720696
2741	8.678486967
2742	8.678181889
2743	8.677952297
2744	8.677647426
2745	8.677413971
2746	8.677184581
2747	8.676879987
2748	8.676646735
2749	8.676417546
2750	8.676113227
2751	8.675880179
2752	8.675651191
2753	8.675347147
2754	8.675114302
2755	8.674810461
2756	8.674577757
2757	8.674349102
2758	8.674045536
2759	8.673813033
2760	8.673584578
2761	8.673281286
2762	8.673048986
2763	8.672820729
2764	8.672517711
2765	8.672285612
2766	8.671982795
2767	8.671754809
2768	8.671522911
2769	8.671220367
2770	8.670988609
2771	8.670760882
2772	8.67045861
2773	8.670227053
2774	8.669924982
2775	8.669697524
2776	8.669466167
2777	8.669164367
2778	8.668937106
2779	8.668705949
2780	8.66840442
2781	8.668177356
2782	8.667946398
2783	8.667645139
2784	8.667418273
2785	8.667117216
2786	8.666886525
2787	8.666659855
2788	8.666359068
2789	8.666128575
2790	8.665902102
2791	8.665601583
2792	8.665371289
2793	8.665145011
2794	8.664844761
2795	8.664614665
2796	8.664314613
2797	8.664084654
2798	8.663858702
2799	8.663558917
2800	8.663329156
2801	8.663103398
2802	8.662803881
2803	8.662574317
2804	8.662274997
2805	8.662049503
2806	8.661820136
2807	8.661521082
2808	8.661295782
2809	8.661066611
2810	8.660767823
2811	8.660538788
2812	8.660313742
2813	8.660015219
2814	8.65978638
2815	8.659488053
2816	8.659263269
2817	8.659034625
2818	8.658736563
2819	8.658511971
2820	8.658283523
2821	8.657985724
2822	8.657761326
2823	8.657533072
2824	8.657235537
2825	8.65701133
2826	8.656713993
2827	8.656485999
2828	8.656261985
2829	8.65596491
2830	8.65573711
2831	8.655513287
2832	8.655216474
2833	8.654988869
2834	8.654692249
2835	8.654464778
2836	8.654241273
2837	8.653944915
2838	8.653717637
2839	8.653494323
2840	8.653198226
2841	8.65297114
2842	8.652748016
2843	8.65245218
2844	8.652225287
2845	8.651929643
2846	8.651706776
2847	8.651480075
2848	8.651184691
2849	8.650958123
2850	8.650735505
2851	8.650440379
2852	8.650214003
2853	8.649991574
2854	8.649696707
2855	8.649470522
2856	8.649175847
2857	8.648953674
2858	8.648727679
2859	8.648433262
2860	8.648211277
2861	8.647985473
2862	8.647691313
2863	8.647469516
2864	8.647175549
2865	8.64695
2866	8.646728391
2867	8.64643468
2868	8.646209321
2869	8.645987899
2870	8.645694445
2871	8.645469275
2872	8.64524804
2873	8.644954842
2874	8.644729861
2875	8.644436851
2876	8.644212002
2877	8.643991078
2878	8.643698323
2879	8.643473662
2880	8.643252924
2881	8.642960424
2882	8.642735952
2883	8.6425154
2884	8.642223154
2885	8.641998869
2886	8.641706811
2887	8.64148651
2888	8.641262413
2889	8.640970608
2890	8.640746641
2891	8.640526583
2892	8.640235031
2893	8.640011251
2894	8.639719886
2895	8.639500078
2896	8.639276485
2897	8.638985372
2898	8.638765748
2899	8.638542341
2900	8.63825148
2901	8.63803204
2902	8.637808819
2903	8.63751821
2904	8.637298954
2905	8.637008532
2906	8.63678556
2907	8.636566487
2908	8.636276316
2909	8.636053529
2910	8.635834639
2911	8.635544718
2912	8.635322116
2913	8.635103409
2914	8.634813738
2915	8.634591321
2916	8.634301833
2917	8.634079545
2918	8.633861141
2919	8.633571903
2920	8.633349798
2921	8.633131577
2922	8.632842587
2923	8.632620666
2924	8.63233186
2925	8.632113884
2926	8.631892147
2927	8.631603588
2928	8.631381978
2929	8.63116424
2930	8.630875929
2931	8.630654502
2932	8.630436944
2933	8.63014888
2934	8.629927636
2935	8.629639753
2936	8.62942244
2937	8.629201379
2938	8.628913743
2939	8.62869661
2940	8.62847573
2941	8.62818834
2942	8.627971387
2943	8.627750689
2944	8.627463544
2945	8.62724677
2946	8.626959809
2947	8.626739354
2948	8.626522759
2949	8.626236042
2950	8.626015769
2951	8.625799353
2952	8.62551288
2953	8.625292787
2954	8.625006494
2955	8.624786527
2956	8.624570409
2957	8.624284359
2958	8.624064572
2959	8.623848632
2960	8.623562825
2961	8.623343218
2962	8.623127455
2963	8.622841892
2964	8.622622464
2965	8.622337079
2966	8.622117776
2967	8.621902309
2968	8.621617166
2969	8.621398042
2970	8.621182752
2971	8.620897851
2972	8.620678906
2973	8.620463792
2974	8.620179132
2975	8.619960365
2976	8.619675883
2977	8.619461008
2978	8.61924242
2979	8.618958178
2980	8.618743479
2981	8.618525069
2982	8.618241067
2983	8.618026544
2984	8.617742721
2985	8.617524549
2986	8.617310202
2987	8.617026618
2988	8.616808623
2989	8.616590691
2990	8.616307344
2991	8.616093288
2992	8.615875533
2993	8.615592424
2994	8.615378542
2995	8.615095612
2996	8.614878093
2997	8.614664386
2998	8.614381693
2999	8.614164351
